{
    "camera_matrix": [
        [
            492.24744414652406,
            0.0,
            298.4320270455632
        ],
        [
            0.0,
            491.70341347926933,
            224.8710456323878
        ],
        [
            0.0,
            0.0,
            1.0
        ]
    ],
    "dist_coeffs": [
        [
            0.0582291622303471,
            0.10306203740929983,
            0.0007919450152293997,
            -0.0009065868036939899,
            -0.38300377685930276
        ]
    ],
    "image_size": [
        640,
        480
    ]
}